review,sentiment
"I love this product, works great!",positive
"This is the best purchase I have ever made!",positive
"Excellent quality and fast shipping!",positive
"Absolutely love it!",positive
"Highly recommend to everyone!",positive
"Very satisfied with the product!",positive
"Fantastic experience, will buy again!",positive
"Exceeded my expectations!",positive
"Top-notch quality!",positive
"Amazing product, worth every penny!",positive
"Superb! Very happy with it.",positive
"Works perfectly, no complaints.",positive
"Great value for money!",positive
"Product is exactly as described.",positive
"Highly durable and reliable.",positive
"Very pleased with my order.",positive
"Impressed with the quality.",positive
"Perfect gift for my friend!",positive
"Five stars, couldnâ€™t be happier!",positive
"Will definitely purchase again!",positive
"Absolutely fantastic!",positive
"Really happy with this purchase!",positive
"Exceeded all my expectations!",positive
"Great product and service!",positive
"Love the quality and design!",positive
"Best product in its category!",positive
"Very comfortable and stylish!",positive
"Product arrived quickly and in perfect condition!",positive
"High quality and great performance!",positive
"Perfect for my needs!",positive
"Very happy with the quality!",positive
"Fantastic product, highly recommended!",positive
"Wonderful experience, will buy again!",positive
"Impressed by the packaging and product!",positive
"Excellent value for money!",positive
"Just perfect!",positive
"Superb quality and performance!",positive
"Highly recommend this product!",positive
"Happy with my purchase!",positive
"Terrible experience, will not buy again.",negative
"Very disappointed with the quality.",negative
"Horrible! Broke after one use.",negative
"Do not waste your money!",negative
"Poor quality and slow shipping.",negative
"Completely unsatisfied!",negative
"Very bad customer service.",negative
"Not worth the price.",negative
"Product arrived damaged.",negative
"Does not work as advertised.",negative
"Awful experience, very unhappy.",negative
"Extremely dissatisfied with this.",negative
"Regret buying this product.",negative
"Not recommended at all.",negative
"Waste of money!",negative
"Very low quality.",negative
"Broke after first use.",negative
"Bad material and finish.",negative
"Disappointing product.",negative
"Received the wrong item.",negative
"Terrible customer support.",negative
"Cheap and poorly made.",negative
"Not as described.",negative
"Extremely poor experience.",negative
"Do not buy this product.",negative
"Awful quality, broke quickly.",negative
"Neutral quality, nothing special.",neutral
"Average quality, okay for the price.",neutral
"Not bad, but could be better.",neutral
"Product is okay, nothing special.",neutral
"Decent, meets expectations.",neutral
"Neither good nor bad.",neutral
"Acceptable quality, does the job.",neutral
"Meh, it's just okay.",neutral
"Not terrible, but not great either.",neutral
"Fine for occasional use.",neutral
"Satisfactory but nothing outstanding.",neutral
"Works as expected, average quality.",neutral
"Nothing remarkable, just fine.",neutral
"Average product, meets basic needs.",neutral
"Okay experience overall.",neutral
"Nothing wrong, nothing great.",neutral
"Neutral, just a normal product.",neutral
"Neither impressive nor disappointing.",neutral
"Product is standard, nothing special.",neutral
"Works fine, but nothing amazing.",neutral
"Average build and performance.",neutral
"Not very bad, not very good.",neutral
"Meets the minimum expectations.",neutral
"Nothing extraordinary, but acceptable.",neutral
"Standard product, nothing more.",neutral
"Product is decent, okay quality.",neutral
"Neither excellent nor poor.",neutral
"Just a typical product.",neutral
"Works reasonably well.",neutral
"Neutral, nothing impressive.",neutral
"Average quality and performance.",neutral
"Acceptable but not exciting.",neutral
"Middle of the road product.",neutral
"Nothing stands out, but works.",neutral
"Okay for casual use.",neutral
